8,SGS24-256-VIO,Samsung Galaxy S24 256GB Violet,"50MP camera, Exynos 2400, AI features",Mobile Phones,Premium Smartphones,Samsung,Samsung,Samsung India Electronics,68000.00,89999.00,0.17,5.79x2.78x0.30 in,Cobalt Violet,Aluminum/Glass,12,15,68,t,f,2024-01-17,,2024-01-17 00:00:00,2024-01-17 00:00:00
9,SGA54-128-BLK,Samsung Galaxy A54 5G 128GB Black,"50MP OIS camera, 120Hz Super AMOLED",Mobile Phones,Mid-Range Smartphones,Samsung,Samsung,Samsung India Electronics,32000.00,40999.00,0.20,6.22x2.98x0.32 in,Awesome Black,Glass/Plastic,12,25,125,t,f,2023-03-14,,2023-03-14 00:00:00,2024-01-08 00:00:00
10,SGA54-256-VIO,Samsung Galaxy A54 5G 256GB Violet,"50MP OIS camera, 256GB storage",Mobile Phones,Mid-Range Smartphones,Samsung,Samsung,Samsung India Electronics,36000.00,45999.00,0.20,6.22x2.98x0.32 in,Awesome Violet,Glass/Plastic,12,20,98,t,f,2023-03-14,,2023-03-14 00:00:00,2024-01-08 00:00:00
11,SGA34-128-LIM,Samsung Galaxy A34 5G 128GB Lime,"48MP camera, 120Hz display, 5000mAh",Mobile Phones,Mid-Range Smartphones,Samsung,Samsung,Samsung India Electronics,24000.00,30999.00,0.20,6.21x3.06x0.33 in,Awesome Lime,Glass/Plastic,12,30,145,t,f,2023-03-14,,2023-03-14 00:00:00,2024-01-08 00:00:00
12,SGA34-256-SLV,Samsung Galaxy A34 5G 256GB Silver,"48MP camera, 256GB storage",Mobile Phones,Mid-Range Smartphones,Samsung,Samsung,Samsung India Electronics,28000.00,35999.00,0.20,6.21x3.06x0.33 in,Awesome Silver,Glass/Plastic,12,28,132,t,f,2023-03-14,,2023-03-14 00:00:00,2024-01-08 00:00:00
13,OPN3-128-GRN,OnePlus Nord 3 5G 128GB Green,"MediaTek 9000, 50MP Sony IMX890, 80W charging",Mobile Phones,Mid-Range Smartphones,OnePlus,OnePlus,OnePlus Technology India,26000.00,33999.00,0.19,6.39x2.95x0.32 in,Misty Green,Glass/Plastic,12,25,115,t,f,2023-07-05,,2023-07-05 00:00:00,2024-01-08 00:00:00
14,OPN3-256-BLK,OnePlus Nord 3 5G 256GB Black,"MediaTek 9000, 50MP camera, 256GB",Mobile Phones,Mid-Range Smartphones,OnePlus,OnePlus,OnePlus Technology India,30000.00,37999.00,0.19,6.39x2.95x0.32 in,Tempest Gray,Glass/Plastic,12,22,102,t,f,2023-07-05,,2023-07-05 00:00:00,2024-01-08 00:00:00
15,OPCE3-128-AQU,OnePlus Nord CE 3 5G 128GB Aqua,"Snapdragon 782G, 50MP camera, 80W fast charge",Mobile Phones,Mid-Range Smartphones,OnePlus,OnePlus,OnePlus Technology India,22000.00,26999.00,0.18,6.42x2.95x0.31 in,Aqua Surge,Plastic,12,32,155,t,f,2023-07-06,,2023-07-06 00:00:00,2024-01-08 00:00:00
16,OPCE3-256-GRY,OnePlus Nord CE 3 5G 256GB Gray,"Snapdragon 782G, 256GB storage",Mobile Phones,Mid-Range Smartphones,OnePlus,OnePlus,OnePlus Technology India,26000.00,29999.00,0.18,6.42x2.95x0.31 in,Gray Shimmer,Plastic,12,30,142,t,f,2023-07-06,,2023-07-06 00:00:00,2024-01-08 00:00:00
17,VIV29P-128-BLK,Vivo V29 Pro 5G 128GB Black,"MediaTek 8200, 50MP Aura Light camera",Mobile Phones,Mid-Range Smartphones,Vivo,Vivo,Vivo India Pvt Ltd,32000.00,39999.00,0.19,6.30x2.92x0.31 in,Space Black,Glass,12,20,95,t,f,2023-10-04,,2023-10-04 00:00:00,2024-01-08 00:00:00
18,VIV29P-256-PUR,Vivo V29 Pro 5G 256GB Purple,"MediaTek 8200, Color changing back",Mobile Phones,Mid-Range Smartphones,Vivo,Vivo,Vivo India Pvt Ltd,36000.00,44999.00,0.19,6.30x2.92x0.31 in,Lovely Purple,Glass,12,18,82,t,f,2023-10-04,,2023-10-04 00:00:00,2024-01-08 00:00:00
19,VIV29-128-BLU,Vivo V29 5G 128GB Blue,"50MP Aura Light camera, Snapdragon 778G",Mobile Phones,Mid-Range Smartphones,Vivo,Vivo,Vivo India Pvt Ltd,26000.00,32999.00,0.19,6.30x2.92x0.30 in,Himalayan Blue,Glass,12,25,118,t,f,2023-10-04,,2023-10-04 00:00:00,2024-01-08 00:00:00
20,VIV29-256-GLD,Vivo V29 5G 256GB Gold,"50MP camera, 256GB storage",Mobile Phones,Mid-Range Smartphones,Vivo,Vivo,Vivo India Pvt Ltd,30000.00,36999.00,0.19,6.30x2.92x0.30 in,Majestic Gold,Glass,12,22,105,t,f,2023-10-04,,2023-10-04 00:00:00,2024-01-08 00:00:00
21,OPR11P-256-GRY,OPPO Reno 11 Pro 5G 256GB Gray,"MediaTek 8200, 50MP Sony LYT camera",Mobile Phones,Mid-Range Smartphones,OPPO,OPPO,OPPO Mobiles India,34000.00,39999.00,0.18,6.26x2.91x0.30 in,Rock Gray,Glass,12,18,88,t,f,2024-01-11,,2024-01-11 00:00:00,2024-01-11 00:00:00
22,OPR11P-512-PRL,OPPO Reno 11 Pro 5G 512GB Pearl,"MediaTek 8200, 512GB storage",Mobile Phones,Mid-Range Smartphones,OPPO,OPPO,OPPO Mobiles India,40000.00,45999.00,0.18,6.26x2.91x0.30 in,Pearl White,Glass,12,15,72,t,f,2024-01-11,,2024-01-11 00:00:00,2024-01-11 00:00:00
23,RE12PP-128-BLU,Realme 12 Pro+ 5G 128GB Blue,"Snapdragon 7s Gen 2, 50MP Sony IMX890",Mobile Phones,Mid-Range Smartphones,Realme,Realme,Realme India,26000.00,29999.00,0.19,6.38x2.93x0.32 in,Navigator Beige,Vegan Leather,12,28,135,t,f,2024-01-29,,2024-01-29 00:00:00,2024-01-29 00:00:00
24,RE12PP-256-GRN,Realme 12 Pro+ 5G 256GB Green,"Snapdragon 7s Gen 2, Periscope telephoto",Mobile Phones,Mid-Range Smartphones,Realme,Realme,Realme India,30000.00,33999.00,0.19,6.38x2.93x0.32 in,Submarine Blue,Vegan Leather,12,25,122,t,f,2024-01-29,,2024-01-29 00:00:00,2024-01-29 00:00:00
25,RN13P-128-BLK,Redmi Note 13 Pro 5G 128GB Black,"200MP camera, Snapdragon 7s Gen 2",Mobile Phones,Budget Smartphones,Xiaomi,Xiaomi,Xiaomi Technology India,19000.00,23999.00,0.19,6.38x2.95x0.31 in,Midnight Black,Glass,12,40,185,t,f,2024-01-04,,2024-01-04 00:00:00,2024-01-04 00:00:00
26,RN13P-256-PUR,Redmi Note 13 Pro 5G 256GB Purple,"200MP camera, 256GB storage",Mobile Phones,Budget Smartphones,Xiaomi,Xiaomi,Xiaomi Technology India,22000.00,26999.00,0.19,6.38x2.95x0.31 in,Prism Purple,Glass,12,35,165,t,f,2024-01-04,,2024-01-04 00:00:00,2024-01-04 00:00:00
27,RN13-128-BLU,Redmi Note 13 5G 128GB Blue,"108MP camera, MediaTek 6080",Mobile Phones,Budget Smartphones,Xiaomi,Xiaomi,Xiaomi Technology India,14000.00,17999.00,0.18,6.38x2.95x0.30 in,Arctic Blue,Glass,12,50,225,t,f,2024-01-04,,2024-01-04 00:00:00,2024-01-04 00:00:00
28,RN13-256-BLK,Redmi Note 13 5G 256GB Black,"108MP camera, 256GB storage",Mobile Phones,Budget Smartphones,Xiaomi,Xiaomi,Xiaomi Technology India,16000.00,19999.00,0.18,6.38x2.95x0.30 in,Stealth Black,Glass,12,45,208,t,f,2024-01-04,,2024-01-04 00:00:00,2024-01-04 00:00:00
29,SGM34-128-BLU,Samsung Galaxy M34 5G 128GB Blue,"50MP ISOCELL GN2, 6000mAh battery",Mobile Phones,Budget Smartphones,Samsung,Samsung,Samsung India Electronics,15000.00,18999.00,0.21,6.46x3.08x0.33 in,Midnight Blue,Plastic,12,42,195,t,f,2023-07-07,,2023-07-07 00:00:00,2024-01-08 00:00:00
3,IP15-128-BLK,iPhone 15 128GB Black,"A16 Bionic, Dynamic Island, 48MP camera",Mobile Phones,Premium Smartphones,Apple,Apple,Apple India Pvt Ltd,66000.00,79900.00,0.17,5.81x2.82x0.31 in,Black,Aluminum/Glass,12,15,65,t,f,2023-09-22,,2023-09-22 00:00:00,2024-01-08 00:00:00
30,SGM34-256-SLV,Samsung Galaxy M34 5G 256GB Silver,"50MP camera, 256GB storage",Mobile Phones,Budget Smartphones,Samsung,Samsung,Samsung India Electronics,17000.00,20999.00,0.21,6.46x3.08x0.33 in,Waterfall Blue,Plastic,12,38,178,t,f,2023-07-07,,2023-07-07 00:00:00,2024-01-08 00:00:00
31,REN60-128-GLD,Realme Narzo 60 5G 128GB Gold,"MediaTek 7050, 64MP Super OIS camera",Mobile Phones,Budget Smartphones,Realme,Realme,Realme India,14000.00,17999.00,0.18,6.43x2.96x0.31 in,Cosmic Gold,Vegan Leather,12,35,168,t,f,2023-07-06,,2023-07-06 00:00:00,2024-01-08 00:00:00
32,REN60-256-BLK,Realme Narzo 60 5G 256GB Black,"MediaTek 7050, 256GB storage",Mobile Phones,Budget Smartphones,Realme,Realme,Realme India,16000.00,19999.00,0.18,6.43x2.96x0.31 in,Mars Orange,Vegan Leather,12,32,155,t,f,2023-07-06,,2023-07-06 00:00:00,2024-01-08 00:00:00
33,POX6-128-BLU,POCO X6 5G 128GB Blue,"Snapdragon 7s Gen 2, 64MP OIS camera",Mobile Phones,Budget Smartphones,POCO,POCO,Xiaomi Technology India,16000.00,19999.00,0.18,6.38x2.95x0.30 in,Mirror Blue,Plastic,12,30,145,t,f,2024-01-11,,2024-01-11 00:00:00,2024-01-11 00:00:00
34,POX6-256-BLK,POCO X6 5G 256GB Black,"Snapdragon 7s Gen 2, 256GB storage",Mobile Phones,Budget Smartphones,POCO,POCO,Xiaomi Technology India,18000.00,21999.00,0.18,6.38x2.95x0.30 in,Snowstorm White,Plastic,12,28,132,t,f,2024-01-11,,2024-01-11 00:00:00,2024-01-11 00:00:00
35,MOG54-128-BLU,Motorola Moto G54 5G 128GB Blue,"50MP OIS camera, Dimensity 7020",Mobile Phones,Budget Smartphones,Motorola,Motorola,Motorola India,13000.00,15999.00,0.18,6.50x2.96x0.31 in,Midnight Blue,Vegan Leather,12,38,175,t,f,2023-09-06,,2023-09-06 00:00:00,2024-01-08 00:00:00
36,MOG54-256-GRY,Motorola Moto G54 5G 256GB Gray,"50MP OIS camera, 256GB storage",Mobile Phones,Budget Smartphones,Motorola,Motorola,Motorola India,15000.00,17999.00,0.18,6.50x2.96x0.31 in,Pearl Blue,Vegan Leather,12,35,162,t,f,2023-09-06,,2023-09-06 00:00:00,2024-01-08 00:00:00
37,R13C-64-BLK,Redmi 13C 64GB Black,"MediaTek Helio G85, 50MP AI camera",Mobile Phones,Entry Smartphones,Xiaomi,Xiaomi,Xiaomi Technology India,6500.00,7999.00,0.19,6.74x3.10x0.33 in,Startrail Black,Plastic,12,60,285,t,f,2023-12-06,,2023-12-06 00:00:00,2024-01-08 00:00:00
38,R13C-128-BLU,Redmi 13C 128GB Blue,"MediaTek Helio G85, 128GB storage",Mobile Phones,Entry Smartphones,Xiaomi,Xiaomi,Xiaomi Technology India,7500.00,9499.00,0.19,6.74x3.10x0.33 in,Startrail Silver,Plastic,12,55,265,t,f,2023-12-06,,2023-12-06 00:00:00,2024-01-08 00:00:00
39,REC67-64-GLD,Realme C67 64GB Gold,"108MP camera, Snapdragon 685",Mobile Phones,Entry Smartphones,Realme,Realme,Realme India,7000.00,8999.00,0.19,6.72x3.08x0.32 in,Sunny Oasis,Plastic,12,52,245,t,f,2023-12-14,,2023-12-14 00:00:00,2024-01-08 00:00:00
40,REC67-128-GRN,Realme C67 128GB Green,"108MP camera, 128GB storage",Mobile Phones,Entry Smartphones,Realme,Realme,Realme India,8000.00,10499.00,0.19,6.72x3.08x0.32 in,Dark Purple,Plastic,12,50,232,t,f,2023-12-14,,2023-12-14 00:00:00,2024-01-08 00:00:00
41,MBA-M3-13-256-SLV,"MacBook Air M3 13'" 256GB Silver","Apple M3 chip, 8GB RAM, Liquid Retina display",Laptops,Premium Laptops,Apple,Apple,Apple India Pvt Ltd,90000.00,114900.00,1.24,11.97x8.46x0.44 in,Silver,Aluminum,12,8,35,t,f,2024-03-04,,2024-03-04 00:00:00,2024-03-04 00:00:00
42,MBA-M3-13-512-MID,"MacBook Air M3 13'" 512GB Midnight","Apple M3 chip, 8GB RAM, 512GB SSD",Laptops,Premium Laptops,Apple,Apple,Apple India Pvt Ltd,105000.00,134900.00,1.24,11.97x8.46x0.44 in,Midnight,Aluminum,12,6,28,t,f,2024-03-04,,2024-03-04 00:00:00,2024-03-04 00:00:00
43,MBA-M3-15-256-SLV,"MacBook Air M3 15'" 256GB Silver","Apple M3 chip, 8GB RAM, 15.3'" display",Laptops,Premium Laptops,Apple,Apple,Apple India Pvt Ltd,110000.00,134900.00,1.51,13.40x9.35x0.45 in,Starlight,Aluminum,12,5,25,t,f,2024-03-04,,2024-03-04 00:00:00,2024-03-04 00:00:00
44,MBA-M3-15-512-MID,"MacBook Air M3 15'" 512GB Midnight","Apple M3 chip, 8GB RAM, 512GB SSD",Laptops,Premium Laptops,Apple,Apple,Apple India Pvt Ltd,125000.00,154900.00,1.51,13.40x9.35x0.45 in,Midnight,Aluminum,12,5,22,t,f,2024-03-04,,2024-03-04 00:00:00,2024-03-04 00:00:00
45,XPS13-512-SLV,Dell XPS 13 9340 i5 16GB 512GB,"Intel Core i5 13th Gen, 16GB RAM, FHD+ display",Laptops,Premium Laptops,Dell,Dell,Dell India Pvt Ltd,85000.00,109990.00,1.17,11.63x7.86x0.55 in,Platinum Silver,Aluminum,12,7,32,t,f,2023-09-14,,2023-09-14 00:00:00,2024-01-08 00:00:00
46,XPS13-1TB-BLK,Dell XPS 13 9340 i7 16GB 1TB,"Intel Core i7 13th Gen, 16GB RAM, 1TB SSD",Laptops,Premium Laptops,Dell,Dell,Dell India Pvt Ltd,105000.00,134990.00,1.17,11.63x7.86x0.55 in,Graphite,Aluminum,12,5,24,t,f,2023-09-14,,2023-09-14 00:00:00,2024-01-08 00:00:00
47,HP-PAV14-I5-8-512,HP Pavilion 14 i5 12th Gen 8GB 512GB,"Intel i5-1235U, 14'" FHD, Windows 11",Laptops,Mid-Range Laptops,HP,HP,HP India Sales Pvt Ltd,42000.00,54990.00,1.41,12.76x8.86x0.71 in,Natural Silver,Aluminum/Plastic,12,15,65,t,f,2023-05-10,,2023-05-10 00:00:00,2024-01-08 00:00:00
48,HP-PAV14-I5-16-512,HP Pavilion 14 i5 12th Gen 16GB 512GB,"Intel i5-1235U, 16GB DDR4, FHD display",Laptops,Mid-Range Laptops,HP,HP,HP India Sales Pvt Ltd,48000.00,61990.00,1.41,12.76x8.86x0.71 in,Warm Gold,Aluminum/Plastic,12,12,58,t,f,2023-05-10,,2023-05-10 00:00:00,2024-01-08 00:00:00
49,HP-PAV15-I5-8-512,HP Pavilion 15 i5 12th Gen 8GB 512GB,"Intel i5-1235U, 15.6'" FHD, Backlit KB",Laptops,Mid-Range Laptops,HP,HP,HP India Sales Pvt Ltd,44000.00,57990.00,1.74,14.11x9.53x0.71 in,Natural Silver,Aluminum/Plastic,12,16,72,t,f,2023-05-10,,2023-05-10 00:00:00,2024-01-08 00:00:00
50,HP-PAV15-I5-16-512,HP Pavilion 15 i5 12th Gen 16GB 512GB,"Intel i5-1235U, 16GB DDR4, 15.6'" FHD",Laptops,Mid-Range Laptops,HP,HP,HP India Sales Pvt Ltd,50000.00,64990.00,1.74,14.11x9.53x0.71 in,Warm Gold,Aluminum/Plastic,12,15,68,t,f,2023-05-10,,2023-05-10 00:00:00,2024-01-08 00:00:00
51,DI15-I5-8-512,Dell Inspiron 15 i5 12th Gen 8GB 512GB,"Intel i5-1235U, 15.6'" FHD, Spill-resistant KB",Laptops,Mid-Range Laptops,Dell,Dell,Dell India Pvt Ltd,40000.00,52490.00,1.65,14.03x9.21x0.71 in,Carbon Black,Plastic,12,18,78,t,f,2023-04-20,,2023-04-20 00:00:00,2024-01-08 00:00:00
52,DI15-I5-16-512,Dell Inspiron 15 i5 12th Gen 16GB 512GB,"Intel i5-1235U, 16GB RAM, Windows 11",Laptops,Mid-Range Laptops,Dell,Dell,Dell India Pvt Ltd,46000.00,59490.00,1.65,14.03x9.21x0.71 in,Platinum Silver,Plastic,12,16,72,t,f,2023-04-20,,2023-04-20 00:00:00,2024-01-08 00:00:00
53,LEN-IP5-I5-8-512,Lenovo IdeaPad Slim 5 i5 12th Gen 8GB 512GB,"Intel i5-12450H, 14'" FHD IPS",Laptops,Mid-Range Laptops,Lenovo,Lenovo,Lenovo India Pvt Ltd,44000.00,57990.00,1.39,12.42x8.65x0.63 in,Cloud Grey,Aluminum,12,14,65,t,f,2023-06-15,,2023-06-15 00:00:00,2024-01-08 00:00:00
54,LEN-IP5-I5-16-512,Lenovo IdeaPad Slim 5 i5 12th Gen 16GB 512GB,"Intel i5-12450H, 16GB DDR4",Laptops,Mid-Range Laptops,Lenovo,Lenovo,Lenovo India Pvt Ltd,50000.00,64990.00,1.39,12.42x8.65x0.63 in,Storm Grey,Aluminum,12,12,58,t,f,2023-06-15,,2023-06-15 00:00:00,2024-01-08 00:00:00
55,AS-VB15-I5-8-512,ASUS Vivobook 15 i5 12th Gen 8GB 512GB,"Intel i5-1235U, 15.6'" FHD, Fingerprint",Laptops,Mid-Range Laptops,ASUS,ASUS,ASUS India Pvt Ltd,42000.00,54990.00,1.70,14.16x9.15x0.74 in,Slate Grey,Plastic,12,18,82,t,f,2023-05-08,,2023-05-08 00:00:00,2024-01-08 00:00:00
56,AS-VB15-I5-16-512,ASUS Vivobook 15 i5 12th Gen 16GB 512GB,"Intel i5-1235U, 16GB RAM, Backlit KB",Laptops,Mid-Range Laptops,ASUS,ASUS,ASUS India Pvt Ltd,48000.00,61990.00,1.70,14.16x9.15x0.74 in,Quiet Blue,Plastic,12,16,75,t,f,2023-05-08,,2023-05-08 00:00:00,2024-01-08 00:00:00
57,HP-15S-I3-8-512,HP 15s i3 12th Gen 8GB 512GB,"Intel i3-1215U, 15.6'" HD, Dual speakers",Laptops,Budget Laptops,HP,HP,HP India Sales Pvt Ltd,30000.00,37990.00,1.69,14.11x9.53x0.71 in,Natural Silver,Plastic,12,22,95,t,f,2023-03-15,,2023-03-15 00:00:00,2024-01-08 00:00:00
58,LEN-IP3-I3-8-512,Lenovo IdeaPad Slim 3 i3 12th Gen 8GB 512GB,"Intel i3-1215U, 15.6'" FHD",Laptops,Budget Laptops,Lenovo,Lenovo,Lenovo India Pvt Ltd,32000.00,39990.00,1.63,14.16x9.30x0.70 in,Arctic Grey,Plastic,12,20,88,t,f,2023-04-10,,2023-04-10 00:00:00,2024-01-08 00:00:00
59,AS-VBG14-I3-8-256,ASUS Vivobook Go 14 i3 11th Gen 8GB 256GB,"Intel i3-1115G4, 14'" HD",Laptops,Budget Laptops,ASUS,ASUS,ASUS India Pvt Ltd,26000.00,32990.00,1.38,12.70x8.70x0.70 in,Star Black,Plastic,12,24,102,t,f,2023-02-20,,2023-02-20 00:00:00,2024-01-08 00:00:00
60,AS-VBG14-I3-8-512,ASUS Vivobook Go 14 i3 11th Gen 8GB 512GB,"Intel i3-1115G4, 14'" HD, 512GB",Laptops,Budget Laptops,ASUS,ASUS,ASUS India Pvt Ltd,29000.00,36490.00,1.38,12.70x8.70x0.70 in,Mixed Black,Plastic,12,22,95,t,f,2023-02-20,,2023-02-20 00:00:00,2024-01-08 00:00:00
61,AC-ASP5-R5-8-512,Acer Aspire 5 Ryzen 5 5500U 8GB 512GB,"AMD Ryzen 5 5500U, 15.6'" FHD",Laptops,Budget Laptops,Acer,Acer,Acer India Pvt Ltd,34000.00,42990.00,1.70,14.31x9.86x0.71 in,Pure Silver,Plastic,12,18,78,t,f,2023-03-25,,2023-03-25 00:00:00,2024-01-08 00:00:00
62,DI15-R5-8-512,Dell Inspiron 15 Ryzen 5 5500U 8GB 512GB,"AMD Ryzen 5 5500U, 15.6'" FHD",Laptops,Budget Laptops,Dell,Dell,Dell India Pvt Ltd,36000.00,44990.00,1.65,14.03x9.21x0.71 in,Carbon Black,Plastic,12,16,72,t,f,2023-03-18,,2023-03-18 00:00:00,2024-01-08 00:00:00
63,AS-TUF-R7-16-512-4050,ASUS TUF Gaming A15 Ryzen 7 RTX 4050,"AMD Ryzen 7 7735HS, RTX 4050 6GB, 144Hz",Laptops,Gaming Laptops,ASUS,ASUS,ASUS India Pvt Ltd,70000.00,89990.00,2.30,14.17x10.08x0.99 in,Mecha Gray,Plastic,12,10,42,t,f,2023-08-15,,2023-08-15 00:00:00,2024-01-08 00:00:00
64,HP-VIC-I5-16-512-3050,HP Victus 15 i5 13th Gen RTX 3050,"Intel i5-13420H, RTX 3050 4GB, 144Hz",Laptops,Gaming Laptops,HP,HP,HP India Sales Pvt Ltd,60000.00,74990.00,2.29,14.09x10.04x0.93 in,Performance Blue,Plastic,12,8,38,t,f,2023-07-20,,2023-07-20 00:00:00,2024-01-08 00:00:00
65,LEN-LOQ-I5-16-512-4050,Lenovo LOQ 15 i5 13th Gen RTX 4050,"Intel i5-13450HX, RTX 4050 6GB, 144Hz",Laptops,Gaming Laptops,Lenovo,Lenovo,Lenovo India Pvt Ltd,72000.00,92990.00,2.38,14.33x10.24x0.92 in,Luna Grey,Plastic,12,8,35,t,f,2023-09-10,,2023-09-10 00:00:00,2024-01-08 00:00:00
66,SAM-65-NEOQ-4K,"Samsung 65'" Neo QLED 4K Smart TV","Quantum HDR, Neural Quantum Processor 4K",Televisions,Premium TVs,Samsung,Samsung,Samsung India Electronics,125000.00,159999.00,28.50,57.1x32.7x1.4 in,Titan Gray,Metal/Plastic,24,4,18,t,f,2023-03-15,,2023-03-15 00:00:00,2024-01-08 00:00:00
67,LG-65-OLED-C3,"LG 65'" OLED C3 4K Smart TV","Alpha 9 Gen 6 AI Processor, Dolby Vision IQ",Televisions,Premium TVs,LG,LG,LG Electronics India,135000.00,169999.00,23.60,57.0x32.7x1.8 in,Black,Metal/Plastic,24,3,15,t,f,2023-04-10,,2023-04-10 00:00:00,2024-01-08 00:00:00
68,SNY-65-BRAVIA-XR,"Sony 65'" Bravia XR 4K Google TV","Cognitive Processor XR, XR Triluminos Pro",Televisions,Premium TVs,Sony,Sony,Sony India Pvt Ltd,140000.00,174990.00,26.20,57.1x33.0x2.5 in,Black,Metal/Plastic,24,3,12,t,f,2023-05-20,,2023-05-20 00:00:00,2024-01-08 00:00:00
69,SAM-55-NEOQ-4K,"Samsung 55'" Neo QLED 4K Smart TV","Quantum HDR, Object Tracking Sound",Televisions,Premium TVs,Samsung,Samsung,Samsung India Electronics,95000.00,119999.00,21.40,48.4x27.9x1.4 in,Titan Gray,Metal/Plastic,24,5,24,t,f,2023-03-15,,2023-03-15 00:00:00,2024-01-08 00:00:00
70,LG-55-OLED-C3,"LG 55'" OLED C3 4K Smart TV","Alpha 9 Gen 6, Perfect Blacks, G-SYNC",Televisions,Premium TVs,LG,LG,LG Electronics India,100000.00,129999.00,17.40,48.3x27.8x1.8 in,Black,Metal/Plastic,24,4,20,t,f,2023-04-10,,2023-04-10 00:00:00,2024-01-08 00:00:00
71,SNY-55-BRAVIA-XR,"Sony 55'" Bravia XR 4K Google TV","Cognitive Processor XR, Acoustic Surface Audio",Televisions,Premium TVs,Sony,Sony,Sony India Pvt Ltd,105000.00,134990.00,19.80,48.4x28.0x2.5 in,Black,Metal/Plastic,24,4,18,t,f,2023-05-20,,2023-05-20 00:00:00,2024-01-08 00:00:00
72,SAM-55-CRY-4K,"Samsung 55'" Crystal 4K UHD Smart TV","Crystal Processor 4K, Motion Xcelerator",Televisions,Mid-Range TVs,Samsung,Samsung,Samsung India Electronics,42000.00,52999.00,14.20,48.4x27.9x2.4 in,Black,Plastic,24,10,45,t,f,2023-03-01,,2023-03-01 00:00:00,2024-01-08 00:00:00
73,LG-55-UHD-4K,"LG 55'" 4K UHD Smart TV","α5 Gen 6 AI Processor, webOS 23",Televisions,Mid-Range TVs,LG,LG,LG Electronics India,44000.00,54999.00,13.80,48.3x27.8x2.2 in,Black,Plastic,24,10,42,t,f,2023-03-10,,2023-03-10 00:00:00,2024-01-08 00:00:00
74,SNY-50-BRAVIA-4K,"Sony 50'" Bravia 4K Google TV","X1 4K Processor, Dolby Audio, Google TV",Televisions,Mid-Range TVs,Sony,Sony,Sony India Pvt Ltd,46000.00,57990.00,11.50,43.9x25.4x2.7 in,Black,Plastic,24,8,38,t,f,2023-04-05,,2023-04-05 00:00:00,2024-01-08 00:00:00
75,SAM-50-CRY-4K,"Samsung 50'" Crystal 4K UHD Smart TV","HDR10+, Q-Symphony, Tizen OS",Televisions,Mid-Range TVs,Samsung,Samsung,Samsung India Electronics,38000.00,47999.00,11.80,43.9x25.3x2.4 in,Black,Plastic,24,12,52,t,f,2023-03-01,,2023-03-01 00:00:00,2024-01-08 00:00:00
76,OP-55-QLED-4K,"OnePlus 55'" QLED 4K Smart Android TV","Gamma Engine, Dolby Vision Atmos, 120Hz",Televisions,Mid-Range TVs,OnePlus,OnePlus,OnePlus Technology India,40000.00,49999.00,15.20,48.5x28.1x2.6 in,Black,Plastic,24,8,35,t,f,2023-07-01,,2023-07-01 00:00:00,2024-01-08 00:00:00
77,TCL-55-QLED-4K,"TCL 55'" QLED 4K Smart Google TV","AiPQ Engine, Dolby Vision, Hands-free Voice",Televisions,Mid-Range TVs,TCL,TCL,TCL India,38000.00,47990.00,14.50,48.4x27.9x2.8 in,Black,Plastic,24,9,40,t,f,2023-06-15,,2023-06-15 00:00:00,2024-01-08 00:00:00
78,LG-50-UHD-4K,"LG 50'" 4K UHD Smart TV","α5 Gen 5 AI Processor, Active HDR",Televisions,Mid-Range TVs,LG,LG,LG Electronics India,40000.00,49999.00,11.20,43.9x25.3x2.2 in,Black,Plastic,24,10,48,t,f,2023-03-10,,2023-03-10 00:00:00,2024-01-08 00:00:00
79,SAM-43-CRY-4K,"Samsung 43'" Crystal 4K UHD Smart TV","PurColor, HDR, SmartThings",Televisions,Mid-Range TVs,Samsung,Samsung,Samsung India Electronics,32000.00,39999.00,8.50,37.8x21.9x2.4 in,Black,Plastic,24,15,65,t,f,2023-03-01,,2023-03-01 00:00:00,2024-01-08 00:00:00
80,OP-50-4K,"OnePlus 50'" 4K Smart Android TV","Gamma Engine, Dolby Audio, Chromecast",Televisions,Mid-Range TVs,OnePlus,OnePlus,OnePlus Technology India,34000.00,42999.00,11.80,43.9x25.3x2.5 in,Black,Plastic,24,10,42,t,f,2023-06-10,,2023-06-10 00:00:00,2024-01-08 00:00:00
81,TCL-50-4K,"TCL 50'" 4K UHD Smart Google TV","Dolby Audio, Google Assistant built-in",Televisions,Mid-Range TVs,TCL,TCL,TCL India,32000.00,39990.00,11.20,43.9x25.3x2.7 in,Black,Plastic,24,10,45,t,f,2023-05-20,,2023-05-20 00:00:00,2024-01-08 00:00:00
82,SNY-43-BRAVIA-4K,"Sony 43'" Bravia 4K Google TV","X1 Processor, Live Color Technology",Televisions,Mid-Range TVs,Sony,Sony,Sony India Pvt Ltd,38000.00,47990.00,8.80,37.8x22.0x2.6 in,Black,Plastic,24,9,38,t,f,2023-04-05,,2023-04-05 00:00:00,2024-01-08 00:00:00
83,LG-43-UHD-4K,"LG 43'" 4K UHD Smart TV","Active HDR, webOS, ThinQ AI",Televisions,Mid-Range TVs,LG,LG,LG Electronics India,36000.00,44999.00,8.20,37.8x21.8x2.2 in,Black,Plastic,24,12,55,t,f,2023-03-10,,2023-03-10 00:00:00,2024-01-08 00:00:00
84,MI-43-4K,"Mi 43'" 4K Ultra HD Smart Android TV","Vivid Picture Engine, Dolby Audio, Patchwall",Televisions,Budget TVs,Xiaomi,Xiaomi,Xiaomi Technology India,20000.00,25999.00,7.50,37.8x21.9x3.3 in,Black,Plastic,24,22,95,t,f,2023-02-15,,2023-02-15 00:00:00,2024-01-08 00:00:00
85,SAM-43-FHD,"Samsung 43'" Full HD Smart TV","Full HD, HDR, Screen Mirroring",Televisions,Budget TVs,Samsung,Samsung,Samsung India Electronics,24000.00,29999.00,7.80,37.8x21.9x2.4 in,Black,Plastic,24,18,75,t,f,2023-01-20,,2023-01-20 00:00:00,2024-01-08 00:00:00
86,OP-43-Y,"OnePlus 43'" Y Series Full HD Smart TV","Gamma Engine, Dolby Audio, Android 11",Televisions,Budget TVs,OnePlus,OnePlus,OnePlus Technology India,19000.00,23999.00,7.20,37.8x21.9x3.1 in,Black,Plastic,24,20,88,t,f,2023-03-05,,2023-03-05 00:00:00,2024-01-08 00:00:00
87,RE-43-4K,"Realme 43'" 4K Smart Android TV","Mediatek Processor, Dolby Atmos, Chromecast",Televisions,Budget TVs,Realme,Realme,Realme India,21000.00,26999.00,7.60,37.8x21.9x3.2 in,Black,Plastic,24,19,82,t,f,2023-04-12,,2023-04-12 00:00:00,2024-01-08 00:00:00
88,TCL-40-FHD,"TCL 40'" Full HD Smart Android TV","Dolby Audio, Chromecast built-in",Televisions,Budget TVs,TCL,TCL,TCL India,16000.00,19999.00,6.20,35.0x20.3x3.0 in,Black,Plastic,24,24,105,t,f,2023-02-28,,2023-02-28 00:00:00,2024-01-08 00:00:00
89,MI-40-FHD,"Mi 40'" Full HD Smart Android TV","Vivid Picture Engine, Android 11",Televisions,Budget TVs,Xiaomi,Xiaomi,Xiaomi Technology India,17000.00,21499.00,6.50,35.0x20.3x3.2 in,Black,Plastic,24,22,98,t,f,2023-02-15,,2023-02-15 00:00:00,2024-01-08 00:00:00
90,LG-43-FHD,"LG 43'" Full HD Smart TV","Active HDR, webOS",Televisions,Budget TVs,LG,LG,LG Electronics India,26000.00,32999.00,8.00,37.8x21.8x2.2 in,Black,Plastic,24,16,68,t,f,2023-01-15,,2023-01-15 00:00:00,2024-01-08 00:00:00
91,OP-40-Y,"OnePlus 40'" Y Series Full HD Smart TV","Gamma Engine, Bezel-less design",Televisions,Budget TVs,OnePlus,OnePlus,OnePlus Technology India,18000.00,22999.00,6.40,35.0x20.3x3.0 in,Black,Plastic,24,21,92,t,f,2023-03-05,,2023-03-05 00:00:00,2024-01-08 00:00:00
92,VU-32-HD,"VU 32'" HD Ready Smart LED TV","Cinema Sound, Built-in Chromecast",Televisions,Entry TVs,VU,VU,VU Technologies,9000.00,11999.00,4.20,28.7x17.1x3.1 in,Black,Plastic,24,32,145,t,f,2023-01-10,,2023-01-10 00:00:00,2024-01-08 00:00:00
93,KOD-32-HD,"Kodak 32'" HD Ready Smart LED TV","A+ Grade Panel, Android 11",Televisions,Entry TVs,Kodak,Kodak,Super Plastronics,8500.00,10999.00,4.00,28.7x17.1x3.0 in,Black,Plastic,24,35,152,t,f,2023-01-08,,2023-01-08 00:00:00,2024-01-08 00:00:00
94,MI-32-HD,"Mi 32'" HD Ready Smart Android TV","Patchwall 4, Vivid Picture Engine",Televisions,Entry TVs,Xiaomi,Xiaomi,Xiaomi Technology India,10000.00,12999.00,4.30,28.7x17.1x3.2 in,Black,Plastic,24,38,165,t,f,2023-02-15,,2023-02-15 00:00:00,2024-01-08 00:00:00
95,AC-32-HD,"Acer 32'" HD Ready Smart LED TV","A+ Grade Panel, Dolby Audio",Televisions,Entry TVs,Acer,Acer,Acer India Pvt Ltd,9500.00,12499.00,4.10,28.7x17.1x3.1 in,Black,Plastic,24,30,138,t,f,2023-01-20,,2023-01-20 00:00:00,2024-01-08 00:00:00
96,APOD-PRO2-WHT,Apple AirPods Pro 2nd Gen,"Active Noise Cancellation, Spatial Audio, MagSafe",Audio,TWS Earbuds,Apple,Apple,Apple India Pvt Ltd,19000.00,24900.00,0.05,1.22x0.86x2.39 in,White,Plastic,12,18,75,t,f,2022-09-23,,2022-09-23 00:00:00,2024-01-08 00:00:00
97,SAM-BUDS2P-BLK,Samsung Galaxy Buds 2 Pro,"Intelligent ANC, 360 Audio, IPX7",Audio,TWS Earbuds,Samsung,Samsung,Samsung India Electronics,12000.00,17999.00,0.04,0.84x0.79x0.69 in,Graphite,Plastic,12,20,85,t,f,2022-08-10,,2022-08-10 00:00:00,2024-01-08 00:00:00
98,OP-BUDSP2-GRN,OnePlus Buds Pro 2,"Dynaudio tuning, Smart ANC, Spatial Audio",Audio,TWS Earbuds,OnePlus,OnePlus,OnePlus Technology India,8000.00,11999.00,0.05,2.17x2.17x1.02 in,Arbor Green,Plastic,12,22,95,t,f,2023-02-07,,2023-02-07 00:00:00,2024-01-08 00:00:00
99,RE-AIR5P-BLK,Realme Buds Air 5 Pro,"50dB ANC, LHDC 5.0, 40hrs playback",Audio,TWS Earbuds,Realme,Realme,Realme India,3200.00,4999.00,0.04,2.20x2.20x1.10 in,Titanium Twilight,Plastic,12,32,145,t,f,2024-01-16,,2024-01-16 00:00:00,2024-01-16 00:00:00
100,OPR-ENCOX2-SLV,OPPO Enco X2,"Hi-Res Audio, 45dB ANC, Dynaudio co-tuned",Audio,TWS Earbuds,OPPO,OPPO,OPPO Mobiles India,8500.00,12999.00,0.05,2.30x2.30x1.20 in,Moonlight Silver,Plastic,12,16,72,t,f,2022-10-03,,2022-10-03 00:00:00,2024-01-08 00:00:00
101,NOT-EAR2-WHT,Nothing Ear (2),"Dual Chamber ANC, Hi-Res Audio",Audio,TWS Earbuds,Nothing,Nothing,Nothing Technology,6500.00,9999.00,0.05,2.30x2.30x1.10 in,White,Plastic,12,20,88,t,f,2023-03-22,,2023-03-22 00:00:00,2024-01-08 00:00:00
102,BOT-AD800-BLK,boAt Airdopes 800,"50hrs playback, ASAP Charge, ENx Tech",Audio,TWS Earbuds,boAt,boAt,boAt Lifestyle,1800.00,2999.00,0.04,2.10x2.10x1.05 in,Active Black,Plastic,12,65,285,t,f,2023-11-01,,2023-11-01 00:00:00,2024-01-08 00:00:00
103,BOT-AD141-BLU,boAt Airdopes 141,"BEAST Mode, 42hrs playback, IPX4",Audio,TWS Earbuds,boAt,boAt,boAt Lifestyle,900.00,1499.00,0.04,1.95x1.95x0.95 in,Bold Blue,Plastic,12,95,425,t,f,2022-08-15,,2022-08-15 00:00:00,2024-01-08 00:00:00
104,NOI-VS104-BLK,Noise Buds VS104,"45hrs playtime, Instacharge, Quad Mic ENC",Audio,TWS Earbuds,Noise,Noise,Nexxbase,850.00,1299.00,0.03,1.90x1.90x0.90 in,Jet Black,Plastic,12,105,465,t,f,2023-07-10,,2023-07-10 00:00:00,2024-01-08 00:00:00
105,RE-T300-WHT,Realme Buds T300,"30dB ANC, 40hrs playback, Fast Charging",Audio,TWS Earbuds,Realme,Realme,Realme India,1500.00,2299.00,0.04,2.00x2.00x1.00 in,Soul White,Plastic,12,52,225,t,f,2023-09-01,,2023-09-01 00:00:00,2024-01-08 00:00:00
106,BOT-R255P-BLU,boAt Rockerz 255 Pro+,"ASAP Charge, 60hrs playback, Dual Pairing",Audio,TWS Earbuds,boAt,boAt,boAt Lifestyle,950.00,1499.00,0.03,Neckband,Navy Blue,Plastic,12,72,315,t,f,2023-05-20,,2023-05-20 00:00:00,2024-01-08 00:00:00
107,RE-AIR3-BLK,Realme Buds Air 3,"42dB ANC, 30hrs playback, Dolby Atmos",Audio,TWS Earbuds,Realme,Realme,Realme India,2200.00,3499.00,0.04,2.15x2.15x1.05 in,Starry Blue,Plastic,12,42,185,t,f,2022-05-18,,2022-05-18 00:00:00,2024-01-08 00:00:00
108,JBL-CHRG5-BLK,JBL Charge 5,"20hrs playtime, IP67, PartyBoost",Audio,Bluetooth Speakers,JBL,JBL,Harman India,10000.00,14999.00,0.96,8.7x3.76x3.67 in,Black,Plastic/Fabric,12,15,65,t,f,2021-06-10,,2021-06-10 00:00:00,2024-01-08 00:00:00
109,JBL-FLIP6-BLU,JBL Flip 6,"12hrs playtime, IP67 Waterproof",Audio,Bluetooth Speakers,JBL,JBL,Harman India,7500.00,10999.00,0.55,7.0x2.6x2.8 in,Ocean Blue,Plastic/Fabric,12,20,85,t,f,2021-11-15,,2021-11-15 00:00:00,2024-01-08 00:00:00
110,SNY-XE300-BLK,Sony SRS-XE300,"Line-Shape Diffuser, 24hrs battery, IP67",Audio,Bluetooth Speakers,Sony,Sony,Sony India Pvt Ltd,9000.00,13490.00,1.15,5.5x8.1x4.1 in,Black,Plastic,12,12,55,t,f,2022-05-20,,2022-05-20 00:00:00,2024-01-08 00:00:00
111,BOT-ST1200-BLK,boAt Stone 1200,"12W Sound, 9hrs playtime, TWS feature",Audio,Bluetooth Speakers,boAt,boAt,boAt Lifestyle,1800.00,2799.00,0.48,7.5x3.2x3.2 in,Charcoal Black,Plastic,12,32,145,t,f,2023-04-10,,2023-04-10 00:00:00,2024-01-08 00:00:00
112,BOT-ST650-GRN,boAt Stone 650,"10W Sound, 7hrs playback, IPX5",Audio,Bluetooth Speakers,boAt,boAt,boAt Lifestyle,1100.00,1699.00,0.35,6.2x2.8x2.8 in,Moss Green,Plastic,12,42,185,t,f,2022-09-15,,2022-09-15 00:00:00,2024-01-08 00:00:00
113,ZEB-CNTY-BLK,Zebronics Zeb-County,"3W Sound, FM Radio, USB/SD support",Audio,Bluetooth Speakers,Zebronics,Zebronics,Zebronics India,650.00,999.00,0.28,5.5x2.5x2.5 in,Black,Plastic,12,60,265,t,f,2023-03-01,,2023-03-01 00:00:00,2024-01-08 00:00:00
114,SAM-HWQ800C,Samsung HW-Q800C Soundbar,"5.1.2ch, Dolby Atmos, Q-Symphony, 360W",Audio,Soundbars,Samsung,Samsung,Samsung India Electronics,45000.00,64990.00,11.50,43.3x2.4x5.4 in,Black,Plastic/Metal,12,6,28,t,f,2023-05-10,,2023-05-10 00:00:00,2024-01-08 00:00:00
115,SNY-HTS400,Sony HT-S400 Soundbar,"2.1ch, 330W, X-Balanced Speaker, Bluetooth",Audio,Soundbars,Sony,Sony,Sony India Pvt Ltd,21000.00,29990.00,7.80,35.4x2.5x4.3 in,Black,Plastic/Metal,12,10,42,t,f,2023-04-15,,2023-04-15 00:00:00,2024-01-08 00:00:00
116,JBL-BAR51,JBL Bar 5.1 Soundbar,"5.1ch, Detachable wireless surround, Dolby",Audio,Soundbars,JBL,JBL,Harman India,32000.00,44990.00,18.50,40.9x2.2x4.3 in,Black,Plastic/Metal,12,7,32,t,f,2022-11-10,,2022-11-10 00:00:00,2024-01-08 00:00:00
117,BOT-AAV1550-BLK,boAt Aavante Bar 1550,"2.1ch, 260W RMS, Dolby Audio, HDMI ARC",Audio,Soundbars,boAt,boAt,boAt Lifestyle,12000.00,17999.00,6.50,37.4x2.5x4.0 in,Active Black,Plastic/Metal,12,12,55,t,f,2023-06-20,,2023-06-20 00:00:00,2024-01-08 00:00:00
118,PHL-HTL1508B,Philips HTL1508B Soundbar,"2.1ch, 120W RMS, Wireless subwoofer",Audio,Soundbars,Philips,Philips,Philips India Ltd,7500.00,10990.00,5.20,35.0x2.3x3.9 in,Black,Plastic/Metal,12,15,68,t,f,2023-02-15,,2023-02-15 00:00:00,2024-01-08 00:00:00
119,AW-S9-45-MID,Apple Watch Series 9 GPS 45mm Midnight,"S9 SiP, Always-On Retina, Blood Oxygen",Wearables,Premium Smartwatches,Apple,Apple,Apple India Pvt Ltd,34000.00,45900.00,0.04,1.77x1.77x0.42 in,Midnight,Aluminum,12,10,45,t,f,2023-09-22,,2023-09-22 00:00:00,2024-01-08 00:00:00
120,AW-SE2-40-SLV,Apple Watch SE 2nd Gen GPS 40mm Silver,"S8 SiP, Retina display, Fitness tracking",Wearables,Premium Smartwatches,Apple,Apple,Apple India Pvt Ltd,21000.00,29900.00,0.03,1.57x1.57x0.42 in,Silver,Aluminum,12,12,58,t,f,2022-09-16,,2022-09-16 00:00:00,2024-01-08 00:00:00
121,SAM-GW6C-43-BLK,Samsung Galaxy Watch 6 Classic 43mm,"Rotating bezel, Wear OS, Sapphire Crystal",Wearables,Premium Smartwatches,Samsung,Samsung,Samsung India Electronics,28000.00,38999.00,0.06,1.77x1.77x0.41 in,Black,Stainless Steel,12,8,38,t,f,2023-08-11,,2023-08-11 00:00:00,2024-01-08 00:00:00
122,SAM-GW6-40-GLD,Samsung Galaxy Watch 6 40mm Gold,"Wear OS, Advanced Sleep Tracking, BioActive",Wearables,Premium Smartwatches,Samsung,Samsung,Samsung India Electronics,24000.00,32999.00,0.03,1.57x1.57x0.37 in,Gold,Aluminum,12,9,42,t,f,2023-08-11,,2023-08-11 00:00:00,2024-01-08 00:00:00
123,BOT-WCALL-BLK,boAt Wave Call,"1.83'" HD display, BT calling, 7 days battery",Wearables,Budget Smartwatches,boAt,boAt,boAt Lifestyle,1400.00,2199.00,0.05,"1.83'" display",Active Black,Plastic/Metal,12,38,165,t,f,2023-09-01,,2023-09-01 00:00:00,2024-01-08 00:00:00
124,BOT-XTND-BLU,boAt Xtend,"1.69'" display, Stress monitor, 100+ watch faces",Wearables,Budget Smartwatches,boAt,boAt,boAt Lifestyle,1200.00,1899.00,0.04,"1.69'" display",Ocean Blue,Plastic/Metal,12,42,185,t,f,2023-06-15,,2023-06-15 00:00:00,2024-01-08 00:00:00
125,NOI-CFP4-GRY,Noise ColorFit Pro 4,"1.78'" AMOLED, BT calling, 10 days battery",Wearables,Budget Smartwatches,Noise,Noise,Nexxbase,1800.00,2799.00,0.05,"1.78'" display",Jet Black,Plastic/Metal,12,32,145,t,f,2023-05-20,,2023-05-20 00:00:00,2024-01-08 00:00:00
126,NOI-ULTRA-SLV,Noise ColorFit Ultra,"1.75'" AMOLED, Metallic build, BT calling",Wearables,Budget Smartwatches,Noise,Noise,Nexxbase,2200.00,3299.00,0.06,"1.75'" display",Silver Grey,Metal,12,28,125,t,f,2023-08-10,,2023-08-10 00:00:00,2024-01-08 00:00:00
127,FB-PHXU-BLK,Fire-Boltt Phoenix Ultra,"1.43'" AMOLED, AI Voice Assistant, SpO2",Wearables,Budget Smartwatches,Fire-Boltt,Fire-Boltt,Boltt Games,1500.00,2299.00,0.05,"1.43'" display",Luxury Black,Plastic/Metal,12,35,155,t,f,2023-07-01,,2023-07-01 00:00:00,2024-01-08 00:00:00
128,RE-S100-BLK,Realme Watch S100,"1.72'" display, 12 days battery, IP68",Wearables,Budget Smartwatches,Realme,Realme,Realme India,1300.00,1999.00,0.04,"1.72'" display",Active Black,Plastic/Metal,12,40,175,t,f,2023-06-23,,2023-06-23 00:00:00,2024-01-08 00:00:00
129,FAST-RFX3-BLK,Fastrack Reflex 3.0,"1.3'" display, HR monitor, 10 days battery",Wearables,Budget Smartwatches,Fastrack,Fastrack,Titan Company,1100.00,1699.00,0.04,"1.3'" display",Midnight Black,Plastic,12,45,195,t,f,2023-04-10,,2023-04-10 00:00:00,2024-01-08 00:00:00
130,BOT-STORM-GRN,boAt Storm Call,"1.83'" display, BT calling, Voice assistant",Wearables,Budget Smartwatches,boAt,boAt,boAt Lifestyle,1250.00,1949.00,0.05,"1.83'" display",Olive Green,Plastic/Metal,12,38,168,t,f,2023-10-05,,2023-10-05 00:00:00,2024-01-08 00:00:00
131,NOI-CFPRO3-WHT,Noise ColorFit Pro 3,"1.55'" display, 10 days battery, IP68",Wearables,Budget Smartwatches,Noise,Noise,Nexxbase,1000.00,1549.00,0.04,"1.55'" display",Jet White,Plastic,12,50,215,t,f,2022-11-15,,2022-11-15 00:00:00,2024-01-08 00:00:00
132,RE-S2-BLK,Realme Watch S2,"1.43'" AMOLED, 14 days battery, 100+ sports",Wearables,Budget Smartwatches,Realme,Realme,Realme India,3200.00,4999.00,0.05,"1.43'" display",Black,Plastic/Metal,12,22,95,t,f,2023-03-15,,2023-03-15 00:00:00,2024-01-08 00:00:00
133,MI-BAND8-BLK,Mi Smart Band 8,"1.62'" AMOLED, 16 days battery, 150+ watch faces",Wearables,Fitness Bands,Xiaomi,Xiaomi,Xiaomi Technology India,2200.00,2999.00,0.03,1.81x0.71x0.38 in,Midnight Black,Plastic,12,52,225,t,f,2023-08-30,,2023-08-30 00:00:00,2024-01-08 00:00:00
134,RE-BAND2-BLK,Realme Band 2,"1.4'" display, 12 days battery, SpO2",Wearables,Fitness Bands,Realme,Realme,Realme India,1100.00,1699.00,0.02,1.57x0.67x0.47 in,Black,Plastic,12,60,265,t,f,2022-09-27,,2022-09-27 00:00:00,2024-01-08 00:00:00
135,NOI-CFB-GRY,Noise ColorFit Band,"1.47'" display, 10 days battery, IP68",Wearables,Fitness Bands,Noise,Noise,Nexxbase,900.00,1399.00,0.02,1.57x0.63x0.45 in,Shadow Grey,Plastic,12,65,285,t,f,2023-02-10,,2023-02-10 00:00:00,2024-01-08 00:00:00
136,BOT-WLIT-BLU,boAt Wave Lite,"HR monitor, Sleep tracking, 7 days battery",Wearables,Fitness Bands,boAt,boAt,boAt Lifestyle,750.00,1199.00,0.02,"1.69'" display",Ocean Blue,Plastic,12,75,325,t,f,2023-04-05,,2023-04-05 00:00:00,2024-01-08 00:00:00
137,FAST-RFX2-BLK,Fastrack Reflex 2.0,"Activity tracker, Hydration reminder, 10 days",Wearables,Fitness Bands,Fastrack,Fastrack,Titan Company,850.00,1349.00,0.02,"1.3'" display",Black,Plastic,12,68,295,t,f,2022-08-15,,2022-08-15 00:00:00,2024-01-08 00:00:00
138,MI-BAND7-PNK,Mi Smart Band 7,"1.62'" AMOLED, 14 days battery, Always-on display",Wearables,Fitness Bands,Xiaomi,Xiaomi,Xiaomi Technology India,2000.00,2799.00,0.03,1.81x0.71x0.38 in,Pastel Pink,Plastic,12,42,188,t,f,2022-06-23,,2022-06-23 00:00:00,2024-01-08 00:00:00
139,DAI-15-INV-FT,Daikin 1.5 Ton 5 Star Inverter Split AC,"Copper condenser, PM 2.5 filter, 2024 model",Home Appliances,Air Conditioners,Daikin,Daikin,Daikin India,38000.00,48990.00,38.00,Indoor: 35.4x11.8x9.4 in,White,Metal/Plastic,12,6,28,t,f,2024-01-01,,2024-01-01 00:00:00,2024-01-08 00:00:00
140,LG-15-DINV,LG 1.5 Ton 5 Star Dual Inverter AI Split AC,"Copper, 4-way swing, AI Convertible 6-in-1",Home Appliances,Air Conditioners,LG,LG,LG Electronics India,36000.00,46990.00,36.50,Indoor: 36.8x10.7x8.5 in,White,Metal/Plastic,12,7,32,t,f,2024-01-01,,2024-01-01 00:00:00,2024-01-08 00:00:00
141,SAM-15-WFREE,Samsung 1.5 Ton 5 Star WindFree Inverter Split AC,"Copper, WindFree Cooling, AI Auto Mode",Home Appliances,Air Conditioners,Samsung,Samsung,Samsung India Electronics,40000.00,51990.00,37.20,Indoor: 35.8x11.6x9.1 in,White,Metal/Plastic,12,5,25,t,f,2024-01-01,,2024-01-01 00:00:00,2024-01-08 00:00:00
142,VOL-15-INV,Voltas 1.5 Ton 5 Star Inverter Split AC,"Copper, Adjustable Mode, 2024 model",Home Appliances,Air Conditioners,Voltas,Voltas,Voltas Limited,32000.00,41990.00,35.80,Indoor: 35.0x11.2x8.8 in,White,Metal/Plastic,12,8,38,t,f,2024-01-01,,2024-01-01 00:00:00,2024-01-08 00:00:00
143,BLUE-15-INV,Blue Star 1.5 Ton 5 Star Inverter Split AC,"Copper, Precision Cooling Technology",Home Appliances,Air Conditioners,Blue Star,Blue Star,Blue Star Limited,35000.00,45990.00,36.00,Indoor: 35.5x11.5x8.9 in,White,Metal/Plastic,12,6,30,t,f,2024-01-01,,2024-01-01 00:00:00,2024-01-08 00:00:00
144,LLOYD-15-INV,Lloyd 1.5 Ton 5 Star Inverter Split AC,"Copper, Turbo Cool, Anti-Viral Filter",Home Appliances,Air Conditioners,Lloyd,Lloyd,Havells India,33000.00,42990.00,35.50,Indoor: 35.2x11.3x8.7 in,White,Metal/Plastic,12,7,35,t,f,2024-01-01,,2024-01-01 00:00:00,2024-01-08 00:00:00
145,LG-7FL-AIDD,LG 7kg Front Load Washing Machine AI DD,"1400 RPM, Steam, AI DD Technology, 2024",Home Appliances,Washing Machines,LG,LG,LG Electronics India,32000.00,40990.00,62.00,22.0x21.7x33.5 in,Platinum Silver,Metal/Plastic,12,5,22,t,f,2024-01-01,,2024-01-01 00:00:00,2024-01-08 00:00:00
146,SAM-7FL-ECO,Samsung 7kg Front Load EcoBubble,"1400 RPM, AddWash, Hygiene Steam, 2024",Home Appliances,Washing Machines,Samsung,Samsung,Samsung India Electronics,34000.00,42990.00,64.00,23.6x22.0x33.8 in,Inox,Metal/Plastic,12,4,20,t,f,2024-01-01,,2024-01-01 00:00:00,2024-01-08 00:00:00
147,WP-7TL-360,Whirlpool 7kg Fully Automatic Top Load,"740 RPM, 360° Bloomwash, Hard Water Wash",Home Appliances,Washing Machines,Whirlpool,Whirlpool,Whirlpool India,18000.00,23490.00,38.00,21.7x21.7x35.0 in,Grey,Plastic,12,8,35,t,f,2023-06-15,,2023-06-15 00:00:00,2024-01-08 00:00:00
148,BOSCH-7FL,Bosch 7kg Front Load Washing Machine,"1200 RPM, VarioDrum, Anti-Vibration",Home Appliances,Washing Machines,Bosch,Bosch,BSH Home Appliances,30000.00,38990.00,60.00,23.2x21.5x33.1 in,Silver,Metal/Plastic,12,4,18,t,f,2023-05-10,,2023-05-10 00:00:00,2024-01-08 00:00:00
149,IFB-65FL-SEN,IFB 6.5kg Front Load Senator,"1000 RPM, Aqua Energie, Cradle Wash",Home Appliances,Washing Machines,IFB,IFB,IFB Industries,26000.00,33990.00,58.00,22.4x21.2x32.7 in,Silver,Metal/Plastic,12,5,24,t,f,2023-04-20,,2023-04-20 00:00:00,2024-01-08 00:00:00
150,GOD-65TL-EDG,Godrej 6.5kg Fully Automatic Top Load Edge,"680 RPM, I-Wash Technology, Monsoon Dry",Home Appliances,Washing Machines,Godrej,Godrej,Godrej Appliances,15000.00,19990.00,32.00,21.3x21.3x34.2 in,Royal Blue,Plastic,12,7,32,t,f,2023-03-15,,2023-03-15 00:00:00,2024-01-08 00:00:00
151,SAM-253-SS-FF,Samsung 253L Side-by-Side Refrigerator,"Digital Inverter, All-Around Cooling, 2024",Home Appliances,Refrigerators,Samsung,Samsung,Samsung India Electronics,54000.00,69990.00,118.00,35.8x25.4x67.8 in,Black Inox,Metal/Plastic,12,3,15,t,f,2024-01-01,,2024-01-01 00:00:00,2024-01-08 00:00:00
152,LG-260-DD-FF,LG 260L Frost Free Double Door Refrigerator,"Smart Inverter Compressor, Moist Balance",Home Appliances,Refrigerators,LG,LG,LG Electronics India,26000.00,33490.00,58.00,23.6x25.0x57.9 in,Shiny Steel,Metal/Plastic,12,6,28,t,f,2023-08-01,,2023-08-01 00:00:00,2024-01-08 00:00:00
153,WP-240-DD-FF,Whirlpool 240L Frost Free Double Door,"IntellisensInverter, Microblock Technology",Home Appliances,Refrigerators,Whirlpool,Whirlpool,Whirlpool India,24000.00,30990.00,54.00,23.2x24.6x56.7 in,Arctic Steel,Metal/Plastic,12,7,32,t,f,2023-07-15,,2023-07-15 00:00:00,2024-01-08 00:00:00
154,HAIER-220-DD,Haier 220L Double Door Refrigerator,"Twin Inverter, 1 Hour Icing Technology",Home Appliances,Refrigerators,Haier,Haier,Haier Appliances India,21000.00,27490.00,50.00,22.8x24.0x55.5 in,Silver,Metal/Plastic,12,8,35,t,f,2023-06-10,,2023-06-10 00:00:00,2024-01-08 00:00:00
155,GOD-190-SD-DC,Godrej 190L Single Door Direct Cool,"Large Vegetable Tray, Aqua Space",Home Appliances,Refrigerators,Godrej,Godrej,Godrej Appliances,11000.00,14490.00,32.00,19.7x22.4x50.0 in,Aqua Blue,Metal/Plastic,12,10,45,t,f,2023-05-01,,2023-05-01 00:00:00,2024-01-08 00:00:00
156,SAM-192-SD-DC,Samsung 192L Single Door Direct Cool,"Stabilizer Free, Base Stand Drawer",Home Appliances,Refrigerators,Samsung,Samsung,Samsung India Electronics,13000.00,16990.00,34.00,20.5x23.0x51.2 in,Scarlet Red,Metal/Plastic,12,9,42,t,f,2023-04-15,,2023-04-15 00:00:00,2024-01-08 00:00:00
157,LG-28-CONV-MW,LG 28L Convection Microwave Oven,"Charcoal Lighting Heater, 360° Motorised Rotisserie",Home Appliances,Microwave Ovens,LG,LG,LG Electronics India,12000.00,16490.00,18.50,19.5x15.7x12.2 in,Black,Metal/Plastic,12,8,38,t,f,2023-03-10,,2023-03-10 00:00:00,2024-01-08 00:00:00
158,SAM-23-SOLO-MW,Samsung 23L Solo Microwave Oven,"Ceramic Enamel Cavity, Power Defrost",Home Appliances,Microwave Ovens,Samsung,Samsung,Samsung India Electronics,6500.00,8990.00,13.00,18.9x14.4x10.9 in,Black,Plastic,12,12,52,t,f,2023-02-20,,2023-02-20 00:00:00,2024-01-08 00:00:00
159,PHL-AF-HD9252,Philips Air Fryer HD9252/90 4.1L,"Rapid Air Technology, 7 Pre-set modes, Digital",Home Appliances,Air Fryers,Philips,Philips,Philips India Ltd,8500.00,12995.00,4.80,11.5x11.2x12.0 in,Black,Plastic,12,10,45,t,f,2023-01-15,,2023-01-15 00:00:00,2024-01-08 00:00:00
160,PRES-IC-2000W,Prestige Induction Cooktop PIC 20 2000W,"Automatic Voltage Regulator, Indian Menu Options",Home Appliances,Induction Cooktops,Prestige,Prestige,TTK Prestige,1800.00,2695.00,2.20,11.2x14.6x2.4 in,Black,Glass/Plastic,12,20,85,t,f,2023-01-01,,2023-01-01 00:00:00,2024-01-08 00:00:00
161,PREETHI-MG-BLUELF,Preethi Blue Leaf Platinum Mixer Grinder 750W,"4 Jars, Master Chef Blade, Overload Protector",Home Appliances,Mixer Grinders,Preethi,Preethi,Preethi Kitchen Appliances,6500.00,9295.00,6.50,13.4x9.4x17.7 in,Blue,Metal/Plastic,12,12,55,t,f,2023-02-01,,2023-02-01 00:00:00,2024-01-08 00:00:00
162,PHL-EK-HD9350,Philips Electric Kettle HD9350/90 1.5L,"2200W, Stainless Steel, Auto Shut-off",Home Appliances,Electric Kettles,Philips,Philips,Philips India Ltd,1400.00,1995.00,1.10,8.7x6.3x9.4 in,Silver,Stainless Steel,12,28,125,t,f,2023-01-01,,2023-01-01 00:00:00,2024-01-08 00:00:00
163,KENT-RO-GRAND+,Kent Grand Plus RO+UV+UF Water Purifier 8L,"TDS Controller, UV+UF+RO, Mineral RO",Home Appliances,Water Purifiers,Kent,Kent,Kent RO Systems,12000.00,16999.00,9.50,15.0x11.0x19.5 in,White/Blue,Plastic,12,7,32,t,f,2023-01-01,,2023-01-01 00:00:00,2024-01-08 00:00:00
164,GEN-CASE-SIL-BLK,Mobile Silicone Case Generic,Soft silicone protective case for all models,Accessories,Mobile Cases,Generic,Generic,Various Suppliers,80.00,199.00,0.03,Universal fit,Black,Silicone,6,200,850,t,f,2023-01-01,,2023-01-01 00:00:00,2024-01-08 00:00:00
165,GEN-TG-GLASS,Tempered Glass Screen Protector Generic,"9H hardness, oleophobic coating",Accessories,Screen Protectors,Generic,Generic,Various Suppliers,50.00,149.00,0.02,Universal fit,Transparent,Glass,6,280,1250,t,f,2023-01-01,,2023-01-01 00:00:00,2024-01-08 00:00:00
166,GEN-CHG-20W-WHT,USB-C 20W Fast Charger,Universal USB-C PD fast charger,Accessories,Chargers,Generic,Generic,Various Suppliers,280.00,499.00,0.08,2.0x2.0x1.0 in,White,Plastic,6,95,425,t,f,2023-01-01,,2023-01-01 00:00:00,2024-01-08 00:00:00
167,GEN-CHG-30W-BLK,USB-C 30W Fast Charger,"GaN technology, universal compatibility",Accessories,Chargers,Generic,Generic,Various Suppliers,380.00,699.00,0.09,2.2x2.2x1.1 in,Black,Plastic,6,82,365,t,f,2023-01-01,,2023-01-01 00:00:00,2024-01-08 00:00:00
168,MI-PB-10K-BLK,Mi Power Bank 3i 10000mAh,"18W Fast Charging, Dual USB output",Accessories,Power Banks,Xiaomi,Xiaomi,Xiaomi Technology India,850.00,1299.00,0.25,5.7x2.9x0.6 in,Midnight Black,Plastic/Metal,6,65,285,t,f,2023-01-01,,2023-01-01 00:00:00,2024-01-08 00:00:00
169,RE-PB-20K-BLU,Realme Power Bank 2 20000mAh,"30W Dart Charge, Dual Input/Output",Accessories,Power Banks,Realme,Realme,Realme India,1100.00,1699.00,0.42,6.3x2.9x1.1 in,Blue,Plastic/Metal,6,48,215,t,f,2023-01-01,,2023-01-01 00:00:00,2024-01-08 00:00:00
180,SDSK-MC-64GB,SanDisk Ultra MicroSD 64GB,"Class 10, A1 rated, up to 120MB/s",Accessories,Memory Cards,SanDisk,SanDisk,Western Digital India,320.00,599.00,0.01,0.6x0.4x0.04 in,Red/Grey,Plastic/Silicon,6,88,385,t,f,2023-01-01,,2023-01-01 00:00:00,2024-01-08 00:00:00
181,SDSK-MC-128GB,SanDisk Ultra MicroSD 128GB,"Class 10, A1 rated, 120MB/s read",Accessories,Memory Cards,SanDisk,SanDisk,Western Digital India,650.00,1099.00,0.01,0.6x0.4x0.04 in,Red/Grey,Plastic/Silicon,6,75,325,t,f,2023-01-01,,2023-01-01 00:00:00,2024-01-08 00:00:00
182,HP-PD-32GB,HP USB 3.0 Pen Drive 32GB,"High-speed data transfer, sleek metal body",Accessories,Pen Drives,HP,HP,HP India Sales Pvt Ltd,200.00,399.00,0.01,2.3x0.7x0.3 in,Silver,Metal,6,105,465,t,f,2023-01-01,,2023-01-01 00:00:00,2024-01-08 00:00:00
183,SDSK-PD-64GB,SanDisk Ultra USB 3.0 Pen Drive 64GB,"Up to 130MB/s, retractable design",Accessories,Pen Drives,SanDisk,SanDisk,Western Digital India,380.00,699.00,0.01,2.2x0.5x0.4 in,Black,Plastic,6,90,395,t,f,2023-01-01,,2023-01-01 00:00:00,2024-01-08 00:00:00
184,GEN-AUX-CBL-1M,AUX Cable 3.5mm 1M,"Gold-plated connectors, braided cable",Accessories,Cables,Generic,Generic,Various Suppliers,80.00,149.00,0.04,1 meter,Black,Copper/Nylon,6,123,545,t,f,2023-01-01,,2023-01-01 00:00:00,2024-01-08 00:00:00
185,GEN-DP-CBL-2M,DisplayPort Cable 2M 4K,"DP 1.4, 4K@144Hz support",Accessories,Cables,Generic,Generic,Various Suppliers,280.00,499.00,0.14,2 meters,Black,PVC/Copper,6,42,185,t,f,2023-01-01,,2023-01-01 00:00:00,2024-01-08 00:00:00
186,GEN-ETH-CBL-3M,Ethernet Cable Cat6 3M,"Gigabit speed, gold-plated RJ45",Accessories,Cables,Generic,Generic,Various Suppliers,120.00,249.00,0.16,3 meters,Blue,PVC/Copper,6,75,325,t,f,2023-01-01,,2023-01-01 00:00:00,2024-01-08 00:00:00
187,GEN-VGA-CBL-2M,VGA Cable 2M,"HD 1080p support, ferrite cores",Accessories,Cables,Generic,Generic,Various Suppliers,100.00,199.00,0.12,2 meters,Black,PVC/Copper,6,65,285,t,f,2023-01-01,,2023-01-01 00:00:00,2024-01-08 00:00:00
188,GEN-TYPEC-HDMI,USB-C to HDMI Adapter,"4K@60Hz support, aluminum body",Accessories,Adapters,Generic,Generic,Various Suppliers,450.00,799.00,0.05,2.4x1.2x0.5 in,Space Grey,Aluminum/Plastic,6,52,225,t,f,2023-01-01,,2023-01-01 00:00:00,2024-01-08 00:00:00
189,GEN-MULTIPORT-HUB,USB-C Multiport Adapter 7-in-1,"HDMI, USB 3.0, SD/TF, PD charging",Accessories,Adapters,Generic,Generic,Various Suppliers,850.00,1499.00,0.08,4.3x2.0x0.6 in,Space Grey,Aluminum/Plastic,6,38,165,t,f,2023-01-01,,2023-01-01 00:00:00,2024-01-08 00:00:00
190,LOG-WEBCAM-C270,Logitech C270 HD Webcam,"720p HD video, built-in mic, auto light correction",Accessories,Computer Accessories,Logitech,Logitech,Logitech India,1400.00,1995.00,0.11,2.8x2.8x2.4 in,Black,Plastic,6,22,95,t,f,2023-01-01,,2023-01-01 00:00:00,2024-01-08 00:00:00
1,IP15P-128-BLK,iPhone 15 Pro 128GB Black Titanium,"A17 Pro chip, 48MP camera, Titanium design",Mobile Phones,Premium Smartphones,Apple,Apple,Apple India Pvt Ltd,114000.00,134900.00,0.19,5.81x2.78x0.32 in,Black Titanium,Titanium/Glass,12,10,45,t,f,2023-09-22,,2023-09-22 00:00:00,2024-01-08 00:00:00
2,IP15P-256-BLU,iPhone 15 Pro 256GB Blue Titanium,"A17 Pro chip, 48MP camera, 256GB storage",Mobile Phones,Premium Smartphones,Apple,Apple,Apple India Pvt Ltd,124000.00,144900.00,0.19,5.81x2.78x0.32 in,Blue Titanium,Titanium/Glass,12,8,38,t,f,2023-09-22,,2023-09-22 00:00:00,2024-01-08 00:00:00
4,IP15-256-PINK,iPhone 15 256GB Pink,"A16 Bionic, Dynamic Island, 48MP camera",Mobile Phones,Premium Smartphones,Apple,Apple,Apple India Pvt Ltd,76000.00,89900.00,0.17,5.81x2.82x0.31 in,Pink,Aluminum/Glass,12,12,58,t,f,2023-09-22,,2023-09-22 00:00:00,2024-01-08 00:00:00
5,SGS24U-256-GRY,Samsung Galaxy S24 Ultra 256GB Gray,"200MP camera, S Pen, Snapdragon 8 Gen 3",Mobile Phones,Premium Smartphones,Samsung,Samsung,Samsung India Electronics,105000.00,129999.00,0.23,6.39x3.11x0.34 in,Titanium Gray,Titanium/Glass,12,12,52,t,f,2024-01-17,,2024-01-17 00:00:00,2024-01-17 00:00:00
6,SGS24U-512-BLK,Samsung Galaxy S24 Ultra 512GB Black,"200MP camera, S Pen, 512GB storage",Mobile Phones,Premium Smartphones,Samsung,Samsung,Samsung India Electronics,125000.00,149999.00,0.23,6.39x3.11x0.34 in,Titanium Black,Titanium/Glass,12,8,35,t,f,2024-01-17,,2024-01-17 00:00:00,2024-01-17 00:00:00
7,SGS24-128-CRM,Samsung Galaxy S24 128GB Cream,"50MP camera, Exynos 2400, Compact flagship",Mobile Phones,Premium Smartphones,Samsung,Samsung,Samsung India Electronics,60000.00,79999.00,0.17,5.79x2.78x0.30 in,Marble Cream,Aluminum/Glass,12,18,75,t,f,2024-01-17,,2024-01-17 00:00:00,2024-01-17 00:00:00
170,GEN-USBC-CBL-1M,USB-C to USB-C Cable 1M,"Braided nylon, fast charging support",Accessories,Cables,Generic,Generic,Various Suppliers,120.00,249.00,0.05,1 meter,Black,Nylon/Copper,6,155,685,t,f,2023-01-01,,2023-01-01 00:00:00,2024-01-08 00:00:00
171,GEN-LGHT-CBL-1M,Lightning to USB-C Cable 1M,"MFi certified, fast charging",Accessories,Cables,Generic,Generic,Various Suppliers,200.00,399.00,0.04,1 meter,White,PVC/Copper,6,118,525,t,f,2023-01-01,,2023-01-01 00:00:00,2024-01-08 00:00:00
172,LOG-MSE-M171-BLK,Logitech M171 Wireless Mouse,"2.4GHz wireless, 12-month battery",Accessories,Computer Accessories,Logitech,Logitech,Logitech India,450.00,695.00,0.08,4.4x2.4x1.5 in,Black,Plastic,6,52,225,t,f,2023-01-01,,2023-01-01 00:00:00,2024-01-08 00:00:00
173,HP-MSE-Z3700-SLV,HP Z3700 Wireless Mouse,"Slim design, Blue LED tracking",Accessories,Computer Accessories,HP,HP,HP India Sales Pvt Ltd,480.00,749.00,0.06,4.2x2.3x1.4 in,Silver,Plastic,6,45,195,t,f,2023-01-01,,2023-01-01 00:00:00,2024-01-08 00:00:00
174,AMT-LBAG-15-BLK,"American Tourister Laptop Bag 15.6'"","Padded compartment, water resistant",Accessories,Laptop Bags,American Tourister,American Tourister,Samsonite India,850.00,1299.00,0.52,15.7x11.8x4.3 in,Black,Polyester,6,32,145,t,f,2023-01-01,,2023-01-01 00:00:00,2024-01-08 00:00:00
175,HP-LBAG-ESS-15,"HP Essential Laptop Bag 15.6'"","Top-loading design, organized storage",Accessories,Laptop Bags,HP,HP,HP India Sales Pvt Ltd,650.00,999.00,0.48,15.7x11.4x3.9 in,Black,Polyester,6,40,175,t,f,2023-01-01,,2023-01-01 00:00:00,2024-01-08 00:00:00
176,GEN-USBHUB-4P,USB Hub 4 Port 3.0,"High-speed data transfer, plug and play",Accessories,Computer Accessories,Generic,Generic,Various Suppliers,250.00,449.00,0.06,3.5x1.2x0.6 in,Black,Plastic,6,65,285,t,f,2023-01-01,,2023-01-01 00:00:00,2024-01-08 00:00:00
177,GEN-COOLER-LP15,"Laptop Cooling Pad 15.6'"","2 fans, adjustable height, LED lights",Accessories,Computer Accessories,Generic,Generic,Various Suppliers,550.00,899.00,0.65,14.2x11.0x1.4 in,Black,Plastic/Metal,6,38,165,t,f,2023-01-01,,2023-01-01 00:00:00,2024-01-08 00:00:00
178,GEN-HDMI-2M,HDMI Cable 2 Meter 4K,"HDMI 2.0, 4K@60Hz support, gold-plated",Accessories,Cables,Generic,Generic,Various Suppliers,150.00,299.00,0.12,2 meters,Black,PVC/Copper,6,110,485,t,f,2023-01-01,,2023-01-01 00:00:00,2024-01-08 00:00:00
179,SDSK-MC-32GB,SanDisk Ultra MicroSD 32GB,"Class 10, Up to 120MB/s read speed",Accessories,Memory Cards,SanDisk,SanDisk,Western Digital India,180.00,349.00,0.01,0.6x0.4x0.04 in,Red/Grey,Plastic/Silicon,6,95,425,t,f,2023-01-01,,2023-01-01 00:00:00,2024-01-08 00:00:00
